aa Sequence,Nanobody,Date of purification,MW/ kDa,Concentration after dialysis,Molar con/uM,MBC O/N,MBC early,Purity (as seen on blue stained gel)
MAQMQLVESGGGLVQAGGSLTLSCAASGRTFSDYDMGWFRQAPGKAREFVARISRSGRMTSLADSVKGRFTISRDNGKRTVYLQMNSLKPEDTAVYYCAADPQWSRVRSGADYWGQGTRVTVSA, NanoE6,20210927,13.501,5.78,428.12,>214.06 ; 22h,>214.06 ; 2h,
MAEVQLQASGGGFVQAGGSLRLSCAASGDGYTDSIMGWFRQAPGKEREFVAAISGEDSEKQYYADSVKGRFTISRDNAKNTVYLQMNSLKPEDTATYYCASEIIYSIQQYWGQGTQVTVSSLEHHHHHH*,9n10,20210824,14.2,4.357,306.83,>153然; 26h,>153 uM; 1.5h (colonies visible on 153 and 76.5 uM),>90%
MAEVQLQASGGGFVQAGGSLRLSCAASGFTSRTTAMGWFRQAPGKEREFVAAISYYSDTDLYYADSVKGRFTISRDNAKNTVYLQMNSLKPEDTATYYCADITSYYVDVYWGQGTQVTVSSLEHHHHHH*,9n7,20210824,14.3,1.039,72.66,>36 然; 26h,>36 uM; 1.5h (colonies visible on 36 and 18uM spots,>90%
LAAQPAMAQVQLVESGGGLVQAGGSLRLSCAASGRTFSRYAMAWFRRAPGKEREFVAAISASAGTIFYTDSVKGRFTISRDHAKNTVSLQMNSLRPEDTAVYYCAAKTGTWATLDRRYDYWGQGTRVTVSAGASGAEFAAAVD,NanoF7,20211007,14.7,5.209,354.353741496599,>177.175 然; 19h,>177.175 然 ; 1h,
MAEVQLQAKGGKRVQAGGSLRLKCAASGTIFRVSFMGWFRQAPGKEREFVAAISYGGITNYADSVKGRFKIKRDNAKNTVYLRMRKLKPEDTATYYCAAYILVSVDGAYYYRYWGQGTRVTVSSLEHHHHHH*,Nb_AQ100 (grafted),20210811,14.584,2.789,191.24,> 95.62然 ; 24h,> 95.62然 ; 1.5h ,<20%
MAEVQLQAKGGKRVQAGGSLRLKCAASGSIFAAAYMGWFRQAPGKEREFVAAISDGSNTYYADSVKGRFKIKRDNAKNTVYLRMRKLKPEDTATYYCAVIRWNYTYFRYWGQGTRVTVSSLEHHHHHH*,Nb_AQ103 (grafted),20210811,14.253,1.977,138.71,> 69.36然 ; 24h,> 69.36然 ; 1.5h ,<20%
MAEVQLQASGGGFVQAGGSLRLSCAASGYISDAYYMGWFRQAPGKEREFVAAISHGTNTYYADSVKGRFTISRDNAKNTVYLQMNSLKPEDTATYYCAVLETRSYSFRYWGQGTQVTVSSLEHHHHHH*,Nb_b201 (grafted),20210811,14.281,5.61,392.83,> 196.42然 ; 24h,> 196.42然 ; 1.5h,>90%
TMAQMQLVESGGGLVQAGGSLTLKCAASGRTFSDYDMGWFRQAPGKAREFVARISRSGRMTSLADSVKGRFKIKRDNGKRTVYLRMRKLKPEDTAVYYCAADPQWSRVRSGADYWGQGTRVTVSALEHHHHHH*,rsNanoE6_v2,20210927,13.721,0.417,30.39,>15.195 ; 22h,>15.195 ; 2h,
MAQVQLVESGGGLVQAGGSLRLKCAASGRTFSRYAMAWFRRAPGKEREFVAAISASAGTIFYTDSVKGRFKIKRDHAKNTVSLRMRKLRPEDTAVYYCAAKTGTWATLDRRYDYWGQGTRVTVSALEHHHHHH*,rsNanoF7_v2,20210927,13.864,0.611,44.07,>22.035 ; 22h,>22.035 ; 2h,
MAEVQLQAKGGKRVQAGGSLRLKCAASGDTYANTEMGWFRQAPGKEREFVAAISWGSSHPFYYADSVKGRFKIKRDNAKNTVYLRMRKLKPEDTATYYCARWDPIWDKMHKMMGTYWGQGTRVTVSSLEHHHHHH*,sc15n5,20210624,15.5,0.809,52.19,6.5 uM,"3.25 uM 2h, or 1.5h",~50%
,sc15n5,20210818,15.5,0.796,51.35,12.84然 ; 24h,6.41然 ; 1.5h,~20%
MAEVQLQASGGGFVQAGGSLRLKCAASGDTYANTEMGWFRQAPGKEREFVAAISWGSSHPFYYADSVKGRFKIKRDNAKNTVYLRMRKLKPEDTATYYCARWDPIWDKMHKMMGTYWGQGTQVTVSSLEHHHHHH*,sc15n5_v2,20210709,15.4,0.57,37.01,18.5 uM,18.5 uM,~50%
,sc15n5_v2,20210818,15.4,0.825,53.57,26.82然 ; 24h,13.4然 ; 1.5h,~20%
,sc15n5_v2,20210914,15.4,0.504,32.73,>16.37然 ; 20h,>16.366然 ; 1h,~20%
MAEVQLQAKGGKRVQAGGSLRLKCAASGDGYTDSIMGWFRQAPGKEREFVAAISGEDSEKQYYADSVKGRFKIKRDNAKNTVYLRMRKLKPEDTATYYCASEIIYSIQQYWGQGTRVTVSSLEHHHHHH*,sc9n10,20210528,14.6,0.898,61.51,7.69,7.69; 1.5h,~50%
,sc9n10,20210615,14.6,0.75,51.37,>26 uM,6.4 uM 3h,~50%
MAEVQLQASGGGFVQAGGSLRLKCAASGDGYTDSIMGWFRQAPGKEREFVAAISGEDSEKQYYADSVKGRFKIKRDNAKNTVYLRMRKLKPEDTATYYCASEIIYSIQQYWGQGTQVTVSSLEHHHHHH*,sc9n10_v4,20210709,14.5,0.819,56.48,28.24 uM,~28 uM,~50%
,sc9n10_v4,20210914,14.5,1,68.97,>34.49然 ; 20h,34.48然 ; 1h (colonies in the next spot),>90%
,sc9n10_v4,20210918,14.5,0.907,62.55,31.28 uM; 21h,15.63; 1h (3 colonies at 8 uM),>90%
,sc9n10_v4,20210924,14.5,1.205,83.10,32; 23h,"16 uM; 1.5h (1 colony at 16, colonies at 8 and 32 uM)",
,sc9n10_v4,20210930,14.5,0.95,65.52,32; 20h,8 uM; 1h,
MAEVQLQAKGGKRVQAGGSLRLKCAASGFTSRTTAMGWFRQAPGKEREFVAAISYYSDTDLYYADSVKGRFKIKRDNAKNTVYLRMRKLKPEDTATYYCADITSYYVDVYWGQGTRVTVSSLEHHHHHH*,sc9n7,20210528,14.7,0.355,24.15,3.02,3.02; 1.5h,~50%
,sc9n7,20210615,14.7,0.297,20.20,5 uM ,2.5 uM 3h,~50%
,sc9n7,20210624,14.7,0.381,25.92,6.5 uM,"3.25 uM 2h, or 1.5h",~50%
,sc9n7,20210629,14.7,0.332,22.59,5.65 然 ; 19h,2.82 然 ; 2h,~50%
,sc9n7,20210707,14.7,0.506,34.42,2.15 然 ; 24h,2.15 然 ; 2h,~50%
,sc9n7,20210723,14.7,0.48,32.65,4 uM (spots grew for 8 uM and 16 uM),2 uM; 1h,~20%
,sc9n7,20210803,14.7,0.313,21.29,4uM; 24h,4 uM; 1h,~50%
MAEVQLQASGGGFVQAGGSLRLKCAASGFTSRTTAMGWFRQAPGKEREFVAAISYYSDTDLYYADSVKGRFKIKRDNAKNTVYLRMRKLKPEDTATYYCADITSYYVDVYWGQGTQVTVSSLEHHHHHH*,sc9n7_v2,20210629,14.555,0.445,30.57,7.64 然 ; 19h,3.82 然 ; 2h,~50%
,sc9n7_v2,20210707,14.555,0.395,27.14,6.78  然 ; 24h,6.78  然 ; 2h,~50%
,sc9n7_v2,20210723,14.555,0.446,30.64,8 uM,4 uM; 1h,~20%
,sc9n7_v2,20210803,14.555,0.353,24.25,8uM; 24h,8uM; 1h (only 3 colonies at 8uM),~50%
,sc9n7_v2,20210914,14.555,0.378,25.97,>12.99然 ; 20h,12.99然 ; 1h,~20%
,sc9n7_v2,20210918,14.555,0.346,23.77,5.9 uM; 21h,5.9 uM; 1h (7 colonies at 3 uM),~20%
,sc9n7_v2,20210924,14.555,0.56,38.47,>16uM; 23h,>16 uM; 1.5h (colonies at 16 and 8 uM),~50%
,sc9n7_v2,20210930,14.555,0.56,38.47,16?,>16 uM; 1h,
,sc9n7_v2,20211007,14.555,0.537,36.89,>18.4 uM; 19h,4.61 然 ; 1h (***Tiny colonies in spots 6-8),
,sc9n7_v2,20211007,14.555,0.413,28.38,14.2 uM; 19h,7.089 然 ; 1h,
,sc9n7_v2,20211007,14.555,0.208,14.29,3.57 uM; 19h,3.57 然 ; 1h (colony in next spot),
,sc9n7_v2,20211007,14.555,0.427,29.34,7.33 uM; 19h,3.67 然 ; 1h (colonies in next spot),
,sc9n7_v2 ,20211007,14.555,0.421,28.92,contaminated,14.46 然 ; 1h (4 or 5 colonies in 7.23 and 3.6uM spots),
MAEVQLQAKGGKRVQAGGSLRLKCAASGFTSRTTAMGWFRQAPGKEREFVAAISYYSDTDLYYADSVKGRFTIKRDNAKNTVYLQMNSLKPEDTATYYCADITSYYVDVYWGQGTRVTVSSLEHHHHHH*,sc9n7_v3,20210723,14.6,0.819,56.10,8 uM (spot grew for 16 uM),8 uM; 1h,~50%
,sc9n7_v3,20210803,14.6,0.728,49.86,>16 uM; 24h,8 uM; 1h,~50%
MAQVQLVEKGGKRVQAGGSLRLKCAASTYTDTVGWFRQAPGKEREGVAAIYRRTGYTYSADSVKGRFKLKRDNNKNTVYLRMRKLKPEDTGIYYCATGNSVRLASWEGYFYWGQGTRVTVSSLEHHHHHH*,scAMD9,20210709,14.8,0.327,22.09,>11 uM,~11 uM,~50%
MAEVQLQAKGGKRVQAGGSLRLKCAASGYTDTVGMGWFRQAPGKEREFVAAISAIYRRTGYYYADSVKGRFKIKRDNAKNTVYLRMRKLKPEDTATYYCAGNSVRLASWEGYFYYWGQGTRVTVSSLEHHHHHH*,scAMD9 (grafted),20210717,15.3,0.199,13.01,>6.5 uM,>7 uM; 1h,<20%
MAEVQLQAKGGKRVQAGGSLRLKCAASGATSSRYIMGWFRQAPGKEREFVAAISGGFGLFGYYADSVKGRFKIKRDNAKNTVYLRMRKLKPEDTATYYCAARYPWPFSIYWGQGTRVTVSSLEHHHHHH*,scGFP_10_231_v1,20210831,14.558,0.246,16.90,8.45然 ; 20h,8.45然 ; 1.25h,
MAEVQLQASGGGFVQAGGSLRLKCAASGATSSRYIMGWFRQAPGKEREFVAAISGGFGLFGYYADSVKGRFKIKRDNAKNTVYLRMRKLKPEDTATYYCAARYPWPFSIYWGQGTQVTVSSLEHHHHHH*,scGFP_10_231_v2,20210831,14.409,0.266,18.46,9.23然 ; 20h,4.615然 ; 1.25h,
MAEVQLQAKGGKRVQAGGSLRLKCAASGATSSRYIMGWFRQAPGKEREFVAAISGGFGLFGYYADSVKGRFTIKRDNAKNTVYLQMNSLKPEDTATYYCAARYPWPFSIYWGQGTRVTVSSLEHHHHHH*,scGFP_10_231_v3,20210831,14.42,0.255,17.68,>8.84然 ; 20h,4.42然 ; 1.25h,
MAEVQLQAKGGKRVQAGGSLRLKCAASGFPVNRYSMGWFRQAPGKEREFVAAISMSSAGDRSSYYADSVKGRFKIKRDNAKNTVYLRMRKLKPEDTATYYCANVNVGFEYWGQGTRVTVSSLEHHHHHH*,scGFPnb (grafted),20210528,14.5,1.665,114.83,7.18,7.18; 1.5h,>90%
,scGFPnb (grafted),20210615,14.5,1.999,137.80,17.2 uM ,8.6 uM 3h,>90%
,scGFPnb (grafted),20210629,14.528,0.654,45.02,>22.51 然 ; 19h,>22.51 然 ; 2h,>90%
,scGFPnb (grafted),20210811,14.528,1.963,135.12,> 67.56 然 ; 24h,> 67.56 然 ; 1.5h (one colony in last well),>90%
MAEVQLQASGGGFVQAGGSLRLKCAASGFPVNRYSMGWFRQAPGKEREFVAAISMSSAGDRSSYYADSVKGRFKIKRDNAKNTVYLRMRKLKPEDTATYYCANVNVGFEYWGQGTQVTVSSLEHHHHHH*,scGFPnb (grafted)v2,20210629,14.379,0.577,40.13,>20.06 然 ; 19h,>20.06 然 ; 2h,>90%
,scGFPnb (grafted)v2,20210707,14.379,1.828,127.13,31.78  然 ; 24h,31.78  然 ; 2h,>90%
,scGFPnb (grafted)v2,20210914,14.379,2.798,194.59,97.9然 ; 20h,97.3然 ; 1h,>90%
,scGFPnb (grafted)v2,20210918,14.379,2.402,167.05,41.7 uM; 21h,41.7 uM; 1h (9 colonies at 21 uM),>95%
,scGFPnb (grafted)v2,20210924,14.379,2.942,204.60,>64 uM; 23h,"16 uM; 1.5h (3 colonies at 16 uM, clear at 32 uM)",
,scGFPnb (grafted)v2,20210930,14.379,2.273,158.08,32; 20h,16 uM; 1h,
MAEVQLQAKGGKRVQAGGSLRLKCAASGFPVNRYSMGWFRQAPGKEREFVAAISMSSAGDRSSYYADSVKGRFTIKRDNAKNTVYLQMNSLKPEDTATYYCANVNVGFEYWGQGTRVTVSSLEHHHHHH*,scGFPnb (grafted)v3,20210811,14.39,2.452,170.40,> 85.2然 ; 24h,> 85.2然 ; 1.5h,>90%
MAEVQLQAKGGKRVQAGGSLRLKCAASGTIFRVSFMGWFRQAPGKEREFVAAISYGGITNYADSVKGRFKIKRDNAKNTVYLRMRKLKPEDTATYYCAAYILVSVDGAYYYRYWGQGTRVTVSSLEHHHHHH*,scNb_AQ100 (grafted),20210818,14.954,0.998,66.74,16.69然 ; 24h,16.69然 ; 1.5h,<20%
MAEVQLQAKGGKRVQAGGSLRLKCAASGSIFAAAYMGWFRQAPGKEREFVAAISDGSNTYYADSVKGRFKIKRDNAKNTVYLRMRKLKPEDTATYYCAVIRWNYTYFRYWGQGTRVTVSSLEHHHHHH*,scNb_AQ103 (grafted),20210818,14.623,1.686,115.30,57.65然 ; 24h,57.65然 ; 1.5h,<20%
MAEVQLQAKGGKRVQAGGSLRLKCAASGYISDAYYMGWFRQAPGKEREFVAAISHGTNTYYADSVKGRFKIKRDNAKNTVYLRMRKLKPEDTATYYCAVLETRSYSFRYWGQGTRVTVSSLEHHHHHH*,scNb_b201 (grafted),20210818,14.651,2.443,166.75,41.69然 ; 24h,20.84然 ; 1.5h,>90%
MAEVQLQAKGGKRVQAGGSLRLKCAASGGTSDATTMGWFRQAPGKEREFVAAISSYNTMLFYYADSVKGRFKIKRDNAKNTVYLRMRKLKPEDTATYYCATSSTVNHWDYWGQGTRVTVSSLEHHHHHH*,scNg2,20210624,14.5,3.127,215.66,27 uM,"13.5 uM 2h, or 1.5h",>90%
MAEVQLQASGGGFVQAGGSLRLKCAASGGTSDATTMGWFRQAPGKEREFVAAISSYNTMLFYYADSVKGRFKIKRDNAKNTVYLRMRKLKPEDTATYYCATSSTVNHWDYWGQGTQVTVSSLEHHHHHH*,scNg2_v2,20210709,14.4,1.491,103.54,>52 uM,~52 uM,~50%
MAEVQLQAKGGKRVQAGGSLRLKCAASGDSYSWSTMGWFRQAPGKEREFVAAISAWATWPGYYADSVKGRFKIKRDNAKNTVYLRMRKLKPEDTATYYCAFMNQDNDVTYWGQGTRVTVSSLEHHHHHH*,scNg3,20210624,14.7,3.072,208.98,>104.5 uM,"104 uM 2h, or 1.5h",>90%
MAEVQLQASGGGFVQAGGSLRLKCAASGDSYSWSTMGWFRQAPGKEREFVAAISAWATWPGYYADSVKGRFKIKRDNAKNTVYLRMRKLKPEDTATYYCAFMNQDNDVTYWGQGTQVTVSSLEHHHHHH*,scNg3_v2,20210709,14.5,2.8,193.10,>96.55 uM,~96.55 uM,>90%
MEVQLQASGGGFVQAGGSLRLSCAASGGTYTNSDMGWFRQAPGKEREFVAAISGQQNYGEYYADSVKGRFTISRDNAKNTVYLQMNSLKPEDTATYYCAQKWADRIVNYWGQGTQVTVSSLEHHHHHH*,scNg8,20210624,14.7,1.661,112.99,>56.7 uM,"57 uM 2h, or 1.5h",>90%
MAEVQLQASGGGFVQAGGSLRLKCAASGGTYTNSDMGWFRQAPGKEREFVAAISGQQNYGEYYADSVKGRFKIKRDNAKNTVYLRMRKLKPEDTATYYCAQKWADRIVNYWGQGTQVTVSSLEHHHHHH*,scNg8_v2,20210709,14.5,1.653,114.00,>57 uM,~57 uM,>90%
